id,countryName,continent,population,IMF_GDP,UN_GDP,IMF_GDP_per_capita,UN_GDP_per_capita
356,India,Asia,1428627.66,3.89367E12,2.25964E12,2725.46,1581.68741
156,China,Asia,1425671.35,2.18655E13,1.12183E13,15336.97,7868.770758
840,United States,North America,339996.56,2.66952E13,1.86245E13,78515.94,54778.42188
360,Indonesia,Asia,277534.12,1.41075E12,9.32259E11,5083.15,3359.079516
586,Pakistan,Asia,240485.66,0.0,2.82506E11,1174.73,1174.7312
566,Nigeria,Africa,223804.63,5.80121E11,4.04649E11,2592.09,1808.046265
76,Brazil,South America,216422.45,1.98048E12,1.79593E12,9151.01,8298.241153
50,Bangladesh,Asia,172954.32,4.38436E11,2.20837E11,2534.98,1276.850054
643,Russia,Europe,144444.36,1.71315E12,1.24602E12,11860.3,8626.263129
484,Mexico,North America,128455.57,1.37973E12,1.07691E12,10740.89,8383.555999
231,Ethiopia,Africa,126527.06,1.16247E11,7.0314560872E10,918.75,555.7274537
392,Japan,Asia,123294.51,5.29135E12,4.93621E12,42916.35,40035.94181
608,Philippines,Asia,117337.37,4.45827E11,3.04906E11,3799.53,2598.538205
818,Egypt,Africa,112716.6,4.50361E11,2.70144E11,3995.52,2396.663964
180,DR Congo,Africa,102262.81,7.1487E10,4.0337492609E10,699.05,394.4492882
704,Vietnam,Asia,98858.95,4.62644E11,2.05276E11,4679.84,2076.455104
364,Iran,Asia,89172.77,1.7826E12,4.25403E11,19990.43,4770.543923
792,Turkey,Europe,85816.2,7.14305E11,8.63712E11,8323.66,10064.66973
276,Germany,Europe,83294.63,4.56478E12,3.4778E12,54802.79,41752.94703
764,Thailand,Asia,71801.28,5.56372E11,4.07026E11,7748.78,5668.789185
826,United Kingdom,Europe,67736.8,3.68694E12,2.6479E12,54430.31,39090.99123
834,Tanzania,Africa,67438.11,8.6152E10,0.0,1277.5,0.0
250,France,Europe,64756.58,3.08623E12,2.46545E12,47658.88,38072.64027
710,South Africa,Africa,60414.5,4.4772E11,2.9544E11,7410.8,4890.216915
380,Italy,Europe,58870.76,2.16938E12,1.85891E12,36849.94,31576.17065
404,Kenya,Africa,55100.59,1.19127E11,7.0525979046E10,2161.99,1279.949617
104,Myanmar,Asia,54578.0,7.3543E10,6.5697616068E10,1347.48,1203.738064
170,Colombia,South America,52085.17,3.7047E11,2.82463E11,7112.77,5423.089746
410,South Korea,Asia,51784.06,1.91956E12,1.41125E12,37068.59,27252.50956
800,Uganda,Africa,48582.33,5.01E10,2.5307842467E10,1031.24,520.9268981
729,Sudan,Africa,48109.01,0.0,8.2887395895E10,1722.91,1722.907952
724,Spain,Europe,47519.63,1.51909E12,1.23726E12,31967.63,26036.71408
32,Argentina,South America,45773.88,5.73633E11,5.45866E11,12531.88,11925.27626
12,Algeria,Africa,45606.48,1.99382E11,1.59049E11,4371.79,3487.424269
368,Iraq,Asia,45504.56,2.99409E11,1.60021E11,6579.76,3516.592655
4,Afghanistan,Asia,42239.85,0.0,2.023506333E10,479.05,479.0514959
616,Poland,Europe,41026.07,7.55645E11,4.71402E11,18418.66,11490.3101
124,Canada,North America,38781.29,2.36232E12,1.52976E12,60913.86,39445.83824
504,Morocco,Africa,37840.04,1.42967E11,1.03607E11,3778.19,2738.014413
682,Saudi Arabia,Asia,36947.03,1.02191E12,6.39617E11,27658.65,17311.73117
804,Ukraine,Europe,36744.63,0.0,9.3270354852E10,2538.34,2538.339748
24,Angola,Africa,36684.2,1.33335E11,1.06918E11,3634.67,2914.539115
860,Uzbekistan,Asia,35163.94,8.1809E10,6.7778902435E10,2326.5,1927.511605
887,Yemen,Asia,34449.83,2.9556E10,2.5374086438E10,857.94,736.5518622
604,Peru,South America,34352.72,2.5796E11,1.9221E11,7509.16,5595.17644
458,Malaysia,Asia,34308.53,4.81988E11,2.96531E11,14048.64,8643.082915
288,Ghana,Africa,34121.99,7.8893E10,4.2793869465E10,2312.09,1254.143427
508,Mozambique,Africa,33897.35,1.9519E10,1.0930131568E10,575.83,322.4479662
524,Nepal,Asia,30896.59,3.9028E10,2.0914004957E10,1263.18,676.9033397
450,Madagascar,Africa,30325.73,1.5189E10,1.1222263845E10,500.86,370.0575005
384,Ivory Coast,Africa,28873.03,8.0338E10,3.6767790205E10,2782.46,1273.430264
862,Venezuela,South America,28838.5,4.9823E10,2.91376E11,1727.66,10103.73068
120,Cameroon,Africa,28647.29,4.9518E10,3.2217073816E10,1728.54,1124.611571
562,Niger,Africa,27202.84,1.7303E10,7.528285819E9,636.07,276.7463184
36,Australia,Oceania,26439.11,1.82839E12,1.30446E12,69154.9,49338.38941
408,North Korea,Asia,26160.82,0.0,1.6788601831E10,641.75,641.7460091
158,Taiwan,Asia,23923.28,8.92516E11,0.0,37307.43,0.0
466,Mali,Africa,23293.7,2.1191E10,1.4001696748E10,909.73,601.0937184
854,Burkina Faso,Africa,23251.49,2.128E10,1.1695117109E10,915.21,502.9835554
760,Syria,Asia,23227.01,0.0,2.2163075121E10,954.19,954.1940663
144,Sri Lanka,Asia,21893.58,8.7121E10,8.1321970966E10,3979.29,3714.420893
454,Malawi,Africa,20931.75,1.1325E10,5.318197658E9,541.04,254.0732456
894,Zambia,Africa,20569.74,2.7709E10,2.1063063977E10,1347.08,1023.982995
642,Romania,Europe,19892.81,3.12694E11,1.86691E11,15718.94,9384.846922
152,Chile,South America,19629.59,3.51036E11,2.47046E11,17883.0,12585.37394
398,Kazakhstan,Europe,19606.63,2.25928E11,1.35005E11,11523.04,6885.691422
148,Chad,Africa,18278.57,1.3517E10,1.1267295771E10,739.5,616.4210751
218,Ecuador,South America,18190.48,1.20246E11,9.8010212618E10,6610.38,5387.994853
706,Somalia,Africa,18143.38,9.185E9,1.318057519E9,506.25,72.64674603
320,Guatemala,North America,18092.03,9.5988E10,6.876292057E10,5305.54,3800.729966
686,Senegal,Africa,17763.16,3.2107E10,1.4604520531E10,1807.5,822.1803176
528,Netherlands,Europe,17618.3,1.07279E12,7.77228E11,60890.61,44114.78642
116,Cambodia,Asia,16944.83,3.0239E10,2.0016747858E10,1784.56,1181.289388
716,Zimbabwe,Africa,16665.41,3.4654E10,1.6123763648E10,2079.4,967.4987683
324,Guinea,Africa,14190.61,2.2945E10,8.476136811E9,1616.91,597.3060222
646,Rwanda,Africa,14094.68,1.317E10,8.473784827E9,934.39,601.2044847
204,Benin,Africa,13712.83,2.0029E10,8.893638002E9,1460.6,648.5632799
108,Burundi,Africa,13238.56,3.686E9,2.873699606E9,278.43,217.0704069
788,Tunisia,Africa,12458.22,0.0,4.1703561397E10,3347.47,3347.473507
68,Bolivia,South America,12388.57,4.3351E10,3.3806395465E10,3499.27,2728.837587
332,Haiti,North America,11724.76,2.1195E10,7.647347306E9,1807.71,652.2391338
56,Belgium,Europe,11686.14,6.39716E11,4.67955E11,54741.43,40043.61298
400,Jordan,Asia,11337.05,5.0461E10,3.8654647887E10,4450.98,3409.586082
214,Dominican Republic,North America,11332.97,1.16544E11,7.158358517E10,10283.62,6316.401188
192,Cuba,North America,11194.45,0.0,8.96887E10,8011.89,8011.88982
728,South Sudan,Africa,11088.8,1.0771E10,6.534451826E9,971.34,589.2839465
752,Sweden,Europe,10612.09,6.69872E11,5.14476E11,63123.5,48480.16338
340,Honduras,North America,10593.8,3.1661E10,2.1516915353E10,2988.64,2031.085668
203,Czech Republic,Europe,10495.3,3.18938E11,1.95305E11,30388.66,18608.81394
31,Azerbaijan,Europe,10412.65,7.2912E10,3.7847204069E10,7002.25,3634.733144
300,Greece,Europe,10341.28,2.34808E11,1.92691E11,22705.9,18633.16854
598,Papua New Guinea,Oceania,10329.93,3.2334E10,1.9694115731E10,3130.13,1906.510086
620,Portugal,Europe,10247.61,2.67241E11,2.04837E11,26078.39,19988.71912
348,Hungary,Europe,10156.24,2.19463E11,1.25817E11,21608.69,12388.11218
762,Tajikistan,Asia,10143.54,7.699E9,6.951679338E9,759.01,685.330697
784,United Arab Emirates,Asia,9516.87,5.06234E11,3.48744E11,53193.32,36644.78212
112,Belarus,Europe,9498.24,6.0188E10,4.7408111179E10,6336.75,4991.252188
376,Israel,Asia,9174.52,5.47765E11,3.17748E11,59705.03,34633.7007
768,Togo,Africa,9053.8,9.539E9,4.449262345E9,1053.59,491.4248542
40,Austria,Europe,8958.96,5.18808E11,3.908E11,57909.4,43621.13361
756,Switzerland,Europe,8796.67,8.88199E11,6.68851E11,100969.92,76034.6013
694,Sierra Leone,Africa,8791.09,4.266E9,3.674756785E9,485.26,418.0092326
418,Laos,Asia,7633.78,1.7996E10,1.580570709E10,2357.42,2070.495494
344,Hong Kong,Asia,7491.61,3.91338E11,3.20912E11,52236.84,42836.21752
688,Serbia,Europe,7149.08,7.2587E10,3.8299871897E10,10153.34,5357.314773
558,Nicaragua,North America,7046.31,1.6776E10,1.3230214875E10,2380.82,1877.608972
434,Libya,Africa,6888.39,4.5195E10,4.2959534586E10,6561.04,6236.513116
600,Paraguay,South America,6861.52,4.4671E10,2.7165101909E10,6510.36,3959.050168
417,Kyrgyzstan,Asia,6735.35,9.511E9,6.55129114E9,1412.1,972.6727104
100,Bulgaria,Europe,6687.72,9.7798E10,5.3239643485E10,14623.53,7960.806296
795,Turkmenistan,Asia,6516.1,8.4893E10,3.6179885714E10,13028.19,5552.383437
222,El Salvador,North America,6364.94,3.2223E10,2.6797469656E10,5062.57,4210.168463
178,Republic of the Congo,Africa,6106.87,1.5641E10,7.778081883E9,2561.21,1273.660956
702,Singapore,Asia,6014.72,4.50999E11,2.96946E11,74982.51,49369.92551
208,Denmark,Europe,5910.91,4.19266E11,3.069E11,70930.84,51920.88078
703,Slovakia,Europe,5795.2,1.31046E11,8.9768598023E10,22612.86,15490.16393
140,Central African Republic,Africa,5742.32,2.877E9,1.81038874E9,501.02,315.2713085
246,Finland,Europe,5545.48,3.14502E11,2.38503E11,56713.27,43008.52231
578,Norway,Europe,5474.36,5.49733E11,3.71069E11,100419.59,67783.07111
430,Liberia,Africa,5418.38,4.064E9,2.756817825E9,750.04,508.7900489
275,Palestine,Asia,5371.23,0.0,1.33971E10,2494.23,2494.233164
422,Lebanon,Asia,5353.93,0.0,5.0457653265E10,9424.41,9424.414078
554,New Zealand,Oceania,5228.1,2.7672E11,1.87517E11,52929.36,35867.15988
188,Costa Rica,North America,5212.17,6.818E10,5.7435510668E10,13080.92,11019.50064
372,Ireland,Europe,5056.94,5.62134E11,3.04819E11,111161.01,60277.36533
478,Mauritania,Africa,4862.99,9.705E9,4.66711932E9,1995.69,959.7221709
512,Oman,Asia,4644.38,1.1025E11,6.3170959402E10,23738.35,13601.59147
591,Panama,North America,4468.09,7.6549E10,5.51878E10,17132.39,12351.54171
414,Kuwait,Asia,4310.11,1.80665E11,1.10346E11,41916.58,25601.69675
191,Croatia,Europe,4008.62,7.5827E10,5.1231002611E10,18916.0,12780.2093
232,Eritrea,Africa,3748.9,2.777E9,5.413804303E9,740.75,1444.104752
268,Georgia,Europe,3728.28,2.33E10,1.4332728707E10,6249.53,3844.327332
496,Mongolia,Asia,3447.16,2.1047E10,1.1160356685E10,6105.61,3237.55111
498,Moldova,Europe,3435.93,1.3752E10,6.772647958E9,4002.41,1971.125127
858,Uruguay,South America,3423.11,6.6988E10,5.2419718459E10,19569.35,15313.47764
630,Puerto Rico,North America,3260.31,1.21068E11,1.05035E11,37133.85,32216.10828
70,Bosnia and Herzegovina,Europe,3210.85,2.4971E10,1.6909904149E10,7777.08,5266.488359
8,Albania,Europe,2832.44,1.9062E10,1.1863866791E10,6729.89,4188.567733
388,Jamaica,North America,2825.54,1.6208E10,1.4056901075E10,5736.24,4974.943223
51,Armenia,Europe,2777.97,1.5842E10,1.0572299425E10,5702.73,3805.764434
270,Gambia,Africa,2773.17,2.341E9,9.85831536E8,844.16,355.4890382
440,Lithuania,Europe,2718.35,7.5992E10,4.2773029835E10,27955.17,15734.9237
634,Qatar,Asia,2716.39,2.28356E11,1.52452E11,84065.95,56122.98789
72,Botswana,Africa,2675.35,1.9821E10,1.5566057294E10,7408.74,5818.325563
516,Namibia,Africa,2604.17,1.4205E10,1.0947277246E10,5454.71,4203.749082
266,Gabon,Africa,2436.57,2.2472E10,1.3863183526E10,9222.82,5689.630721
426,Lesotho,Africa,2330.32,2.716E9,2.241017076E9,1165.51,961.6778279
624,Guinea-Bissau,Africa,2150.84,1.802E9,1.122643236E9,837.81,521.9557178
705,Slovenia,Europe,2119.68,6.9888E10,4.4708598649E10,32971.09,21092.14535
807,North Macedonia,Europe,2085.68,1.5546E10,1.0745782586E10,7453.69,5152.172234
428,Latvia,Europe,1830.21,4.3128E10,2.7572698482E10,23564.5,15065.31954
226,Equatorial Guinea,Africa,1714.67,1.4956E10,1.0677940568E10,8722.37,6227.402689
412,Kosovo,Europe,1663.59,0.0,6.714465857E9,4036.12,4036.130211
780,Trinidad and Tobago,North America,1534.94,2.503E10,2.4086176564E10,16306.86,15691.9336
48,Bahrain,Asia,1485.51,4.5421E10,3.2179073596E10,30576.05,21661.97036
626,Timor-Leste,Asia,1360.6,2.035E9,2.703285752E9,1495.67,1986.833568
233,Estonia,Europe,1322.77,4.0102E10,2.333792056E10,30316.8,17643.21882
480,Mauritius,Africa,1300.56,1.2538E10,1.2216235024E10,9640.48,9393.057624
196,Cyprus,Europe,1260.14,3.0137E10,2.0046234311E10,23915.63,15907.94222
748,Eswatini,Africa,1210.82,4.945E9,4.007002048E9,4084.0,3309.329255
262,Djibouti,Africa,1136.46,4.199E9,1.891520369E9,3694.82,1664.396784
242,Fiji,Oceania,936.38,5.734E9,4.671118364E9,6123.62,4988.485833
174,Comoros,Africa,852.08,1.386E9,1.149802573E9,1626.62,1349.406832
328,Guyana,South America,813.83,1.6377E10,3.436626633E9,20123.27,4222.781948
64,Bhutan,Asia,787.42,2.881E9,2.212642587E9,3658.77,2809.990332
90,Solomon Islands,Oceania,740.42,1.783E9,1.133967215E9,2408.08,1531.518888
446,Macau,Asia,704.15,4.4856E10,4.5311080521E10,63702.43,64348.61964
442,Luxembourg,Europe,654.77,9.1773E10,5.8631324559E10,140161.1,89544.91586
499,Montenegro,Europe,626.49,6.679E9,4.373958354E9,10661.07,6981.68902
740,Suriname,South America,623.24,3.119E9,3.278445033E9,5004.52,5260.325128
132,Cape Verde,Africa,598.68,2.178E9,1.638928099E9,3637.99,2737.569485
470,Malta,Europe,535.06,1.8627E10,1.0998577038E10,34812.66,20555.7826
462,Maldives,Asia,521.02,6.109E9,4.224207488E9,11725.06,8107.572623
96,Brunei,Asia,452.52,2.7708E10,1.1400266878E10,61229.9,25192.84646
44,Bahamas,North America,412.62,1.363E10,1.12618E10,33032.57,27293.39344
84,Belize,North America,410.83,2.135E9,1.7411E9,5196.86,4238.005988
352,Iceland,Europe,375.32,2.9476E10,2.0269659972E10,78536.07,54006.34118
548,Vanuatu,Oceania,334.51,1.071E9,8.3751979E8,3201.74,2503.721234
258,French Polynesia,Oceania,308.87,0.0,5.417934152E9,17541.03,17541.14725
540,New Caledonia,Oceania,292.99,0.0,9.445714851E9,32238.92,32239.03495
52,Barbados,North America,282.0,5.926E9,4.552793288E9,21014.56,16144.65705
678,Sao Tome and Principe,Africa,231.86,5.69E8,3.42781695E8,2454.11,1478.399444
882,Samoa,Oceania,225.68,8.68E8,8.22233281E8,3846.14,3643.359097
531,Curacao,North America,192.08,0.0,3.121449966E9,16251.03,16250.78075
662,Saint Lucia,North America,180.25,2.277E9,1.397066906E9,12632.38,7750.717925
296,Kiribati,Oceania,133.52,2.33E8,1.73655146E8,1745.12,1300.592765
308,Grenada,North America,126.18,1.275E9,1.016208148E9,10104.37,8053.638833
583,Micronesia,Oceania,115.22,4.52E8,3.29895643E8,3922.79,2863.180377
776,Tonga,Oceania,107.77,5.74E8,4.01460313E8,5326.01,3725.158328
690,Seychelles,Africa,107.66,1.804E9,1.433826317E9,16756.46,13318.09694
533,Aruba,North America,106.28,3.395E9,2.667039106E9,31944.82,25094.45903
670,Saint Vincent and the Grenadines,North America,103.7,1.043E9,7.65318745E8,10058.05,7380.122903
28,Antigua and Barbuda,North America,94.3,1.768E9,1.460157909E9,18749.07,15484.17719
20,Andorra,Europe,80.09,3.58E9,2.858406626E9,44700.83,35689.93165
212,Dominica,North America,73.04,6.95E8,5.81484032E8,9515.33,7961.172399
136,Cayman Islands,North America,69.31,0.0,3.844080626E9,55462.14,55462.13571
60,Bermuda,North America,64.07,0.0,6.127341E9,95636.59,95635.10223
304,Greenland,North America,56.64,0.0,2.282927882E9,40303.8,40305.93012
659,Saint Kitts and Nevis,North America,47.76,1.216E9,9.0985462E8,25463.3,19050.55737
796,Turks and Caicos Islands,North America,46.06,0.0,9.17550492E8,19919.9,19920.76622
534,Sint Maarten,North America,44.22,0.0,1.072067039E9,24242.84,24243.94028
584,Marshall Islands,Oceania,42.0,2.84E8,1.83E8,6762.55,4357.142857
438,Liechtenstein,Europe,39.58,0.0,6.193677543E9,156469.22,156485.0314
492,Monaco,Europe,36.3,0.0,6.468000877E9,178196.57,178181.8423
674,San Marino,Europe,33.64,1.777E9,1.590761265E9,52820.88,47287.79028
92,British Virgin Islands,North America,31.54,0.0,9.7123711E8,30795.77,30793.82086
585,Palau,Oceania,18.06,2.96E8,3.10248E8,16391.63,17178.73754
184,Cook Islands,Oceania,17.04,0.0,2.90194195E8,17026.18,17030.17576
660,Anguilla,North America,15.9,0.0,3.3752047E8,21229.04,21227.70252
520,Nauru,Oceania,12.78,1.38E8,1.03469824E8,10798.12,8096.23036
798,Tuvalu,Oceania,11.4,7.1E7,3.6697185E7,6230.26,3219.051316
500,Montserrat,North America,4.39,0.0,6.2051375E7,14147.6,14134.70957
